Job ID,Job URL,Job Title,Company Name,Status,Timestamp,WP ID
4ddabd8cd8b01da8,https://ve.linkedin.com/jobs/view/toggle-website-search-at-collectif-handicap-54-4436041443,Toggle website search,,scraped,2026-07-07T02:10:49.574970,
8d0617cbef90ea57,https://ve.linkedin.com/jobs/view/conductor-at-save-the-children-colombia-oficial-4431582959,Conductor,,scraped,2026-07-07T02:10:56.666943,
aee1ed67f1f6e701,https://ve.linkedin.com/jobs/view/appointment-setter-bilingual-english-spanish-%E2%80%93-insurance-industry-at-caribbean-virtual-solutions-4437461554,Appointment setter (Bilingual English/Spanish) – Insurance Industry,Caribbean Virtual Solutions,posted,2026-07-07T02:11:55.858942,22
9536fc80d6d89b03,https://ve.linkedin.com/jobs/view/barista-at-matcha-ch%C3%A1-4437100964,Barista,Matcha Chá,posted,2026-07-07T02:12:06.314776,24
2a68d8f7bce2bf02,https://ve.linkedin.com/jobs/view/recruiter-at-the-a-career-4436431633,Recruiter,,scraped,2026-07-07T02:12:09.050049,
14bda25fc8077493,https://ve.linkedin.com/jobs/view/als-field-specialist-at-slb-4435391430,ALS Field Specialist,SLB,posted,2026-07-07T02:12:22.385760,26
e267ea92141541a6,https://ve.linkedin.com/jobs/view/cam-field-specialists-at-slb-4435501264,CAM Field Specialists,,scraped,2026-07-07T02:12:24.948859,
2ae167741784f752,https://ve.linkedin.com/jobs/view/auditor-at-empresas-polar-4433978376,Auditor,,scraped,2026-07-07T02:13:43.587054,
27dfa276cb3925d8,https://ve.linkedin.com/jobs/view/regional-purchasing-vendor-specialist-at-empresa-confidencial-4433134063,Regional Purchasing & Vendor Specialist,Empresa Confidencial,posted,2026-07-07T02:15:02.734385,28
635f51dad49878c9,https://ve.linkedin.com/jobs/view/shopify-engineer-remote-work-at-bairesdev-4436222725,Shopify Engineer - Remote Work,,scraped,2026-07-07T02:15:05.479855,
8e2a8582d4bbb8b1,https://ve.linkedin.com/jobs/view/oficial-de-protecci%C3%B3n-caracas-at-save-the-children-venezuela-4436369877,Oficial de Protección (Caracas),Save the Children Venezuela,posted,2026-07-07T02:15:53.289170,30
05b2c659ff070e06,https://ve.linkedin.com/jobs/view/alistador-de-vehiculos-pulidor-at-grupo-q-4437133096,Alistador de Vehiculos - Pulidor,,scraped,2026-07-07T02:15:56.019929,
7a779b4c5ba8b4a8,https://ve.linkedin.com/jobs/view/facilitador-de-atenci%C3%B3n-al-hu%C3%A9sped-at-grupo-iro-4436900796,Facilitador de Atención al Huésped,Grupo IRO,posted,2026-07-07T02:16:27.059131,32
5d1cacc592b9b394,https://ve.linkedin.com/jobs/view/analista-de-compras-at-empresas-polar-4433196154,Analista de Compras,,scraped,2026-07-07T02:16:29.676239,
065a8cd9d7259828,https://ve.linkedin.com/jobs/view/community-manager-at-vepagos-4437486637,Community Manager,VEPAGOS,posted,2026-07-07T02:16:44.736153,34
37f3853510040c98,https://ve.linkedin.com/jobs/view/e-commerce-listing-designer-and-optimizer-at-the-a-career-4436439430,E-commerce Listing Designer and Optimizer,,scraped,2026-07-07T02:16:47.504218,
e5efb7667d549ba8,https://ve.linkedin.com/jobs/view/inspector-de-transporte-barquisimeto-at-organizaci%C3%B3n-el-tunal-4432384131,Inspector de Transporte Barquisimeto,,scraped,2026-07-07T02:17:24.362526,
c72f57aeaa19f3f6,https://ve.linkedin.com/jobs/view/cobranzas-telefonicas-at-corfin-corporaci%C3%B3n-financiera-c-a-4436986064,COBRANZAS TELEFONICAS,,scraped,2026-07-07T02:17:31.076722,
45fdcbb3e704e43a,https://ve.linkedin.com/jobs/view/tecnico-at-organizaci%C3%B3n-el-tunal-4432377310,Tecnico,,scraped,2026-07-07T02:18:57.043798,
d2d3d15f310a7b7d,https://ve.linkedin.com/jobs/view/oficial-de-seguridad-villa-de-cura-at-grupo-guarpaca-33-c-a-4436275687,OFICIAL DE SEGURIDAD - VILLA DE CURA,"GRUPO GUARPACA 33, C.A.",posted,2026-07-07T02:19:16.699954,36
e4bdff007263373d,https://ve.linkedin.com/jobs/view/oficial-de-distribucion-venezuela-at-reliefweb-4436475626,OFICIAL DE DISTRIBUCION VENEZUELA,,scraped,2026-07-07T02:19:19.357999,
ad94dd13be79978b,https://ve.linkedin.com/jobs/view/head-of-programme-support-unit-psu-p-at-iom-un-migration-4436192791,Head of Programme Support Unit (PSU) (P),IOM - UN Migration,posted,2026-07-07T02:21:38.057127,38
e710491d95503f8e,https://ve.linkedin.com/jobs/view/jefe-finanzas-distribucion-at-coca-cola-femsa-4433748974,Jefe Finanzas Distribucion,,scraped,2026-07-07T02:21:40.479171,
173cf78f6669ff60,https://ve.linkedin.com/jobs/view/oficial-de-alojamiento-at-reliefweb-4436489076,OFICIAL DE ALOJAMIENTO,,scraped,2026-07-07T02:21:47.605999,
a6e97b94bbc8c862,https://ve.linkedin.com/jobs/view/oficial-de-log%C3%ADstica-caracas-at-reliefweb-4434944388,Oficial de Logística (Caracas),,scraped,2026-07-07T02:22:05.690330,
ca935bf1bae1c2d9,https://ve.linkedin.com/jobs/view/paramedico-12-horas-rotativo-at-grupo-fastmed-4435831872,Paramedico (12 Horas Rotativo),Grupo Fastmed,posted,2026-07-07T02:22:22.321211,40
d320f21d955522bf,https://ve.linkedin.com/jobs/view/analista-de-business-intelligence-bi-at-grupo-iro-4436951226,Analista de Business Intelligence (BI),Grupo IRO,posted,2026-07-07T02:22:31.010954,42
945ea9c583356bee,https://ve.linkedin.com/jobs/view/encargada-de-reclutamiento-y-seleccion-at-performia-venezuela-4436450799,Encargada de Reclutamiento y Seleccion,,scraped,2026-07-07T02:22:33.580847,
48748075f20c1ff3,https://ve.linkedin.com/jobs/view/auxiliar-de-restablecimiento-de-contacto-con-familia-rcf-at-reliefweb-4434950030,Auxiliar de Restablecimiento de Contacto con Familia (RCF),,scraped,2026-07-07T02:22:42.018802,
75b8998786e29d77,https://ve.linkedin.com/jobs/view/asistente-de-recepci%C3%B3n-de-mercanc%C3%ADa-at-automercado-luz-c-a-4435367503,Asistente de Recepción de Mercancía,,scraped,2026-07-07T02:22:48.849407,
b2aaaa554acdbaf3,https://ve.linkedin.com/jobs/view/coordinador-de-salud-caracas-at-reliefweb-4434928980,Coordinador de Salud (Caracas),,scraped,2026-07-07T02:22:55.515170,
b904dbd73d07d5c1,https://ve.linkedin.com/jobs/view/asistente-meal-at-reliefweb-4436472724,ASISTENTE MEAL,ReliefWeb,posted,2026-07-07T02:23:16.242587,44
595953d7ccdc1883,https://ve.linkedin.com/jobs/view/evaluation-officer-no-2-ta-364-days-%2300137824-caracas-%E2%80%93-venezuela-lacr-at-unicef-4434639739,"Evaluation Officer, (NO-2), TA, 364 days, #00137824, Caracas – Venezuela, LACR",UNICEF,posted,2026-07-07T02:25:05.366390,46
1a7b9a0558c7cdcb,https://ve.linkedin.com/jobs/view/asistente-de-marketing-at-confidential-careers-4437416685,Asistente de marketing,,scraped,2026-07-07T02:25:07.997671,
625f111a618e40b9,https://ve.linkedin.com/jobs/view/analista-servicios-at-empresas-polar-4433978392,Analista Servicios,,scraped,2026-07-07T02:25:14.559054,
d97f23995d774ead,https://ve.linkedin.com/jobs/view/coordinador-de-implementacion-de-fibra-optica-at-fibex-telecom-4436730011,Coordinador de Implementacion de Fibra Optica,,scraped,2026-07-07T02:25:21.354216,
53e5d81ff659642c,https://ve.linkedin.com/jobs/view/gerente-de-operaciones-valencia-at-la-casa-de-firulais-4436954404,Gerente de Operaciones (Valencia),,scraped,2026-07-07T02:25:27.741344,
2e2a5e710f557024,https://ve.linkedin.com/jobs/view/asistente-de-manejo-de-informaci%C3%B3n-caracas-at-reliefweb-4434957014,Asistente de Manejo de Información (Caracas),ReliefWeb,posted,2026-07-07T02:26:05.475885,48
db443deda1165ba7,https://ve.linkedin.com/jobs/view/alistador-de-veh%C3%ADculos-at-grupo-q-4437128418,Alistador de Vehículos,,scraped,2026-07-07T02:26:08.088195,
aa975621105ab554,https://ve.linkedin.com/jobs/view/consultor-preanalisis-at-infosoft-c-a-4436746940,CONSULTOR PREANALISIS,,scraped,2026-07-07T02:26:16.206702,
d7262757c4a22789,https://ve.linkedin.com/jobs/view/reels-editor-remote-at-belle-muse-agency-4437171349,Reels Editor (Remote),,scraped,2026-07-07T02:26:24.922733,
04e83d0f176a6fd3,https://ve.linkedin.com/jobs/view/supervisor-de-mercaderistas-porlamar-at-btl-latino-4436469170,SUPERVISOR DE MERCADERISTAS - PORLAMAR,,scraped,2026-07-07T02:26:31.077770,
e517f6cbfb43098d,https://ve.linkedin.com/jobs/view/gerente-integraci%C3%B3n-estrat%C3%A9gica-at-general-de-alimentos-nisa-c-a-genica-4433717429,Gerente Integración Estratégica,,scraped,2026-07-07T02:26:37.452859,
f4994b6740d9fa87,https://ve.linkedin.com/jobs/view/consultor-certificacion-at-infosoft-c-a-4436756639,CONSULTOR CERTIFICACION,,scraped,2026-07-07T02:26:45.570885,
c294b7cdfaf4e867,https://ve.linkedin.com/jobs/view/qa-automation-engineer-node-js-distributed-systems-at-applaudo-4436130918,QA Automation Engineer (Node.js & Distributed Systems),,scraped,2026-07-07T02:26:53.584936,
387a5d23663659c7,https://ve.linkedin.com/jobs/view/vendedor-de-compresores-industriales-at-masia-group-4435382139,Vendedor de Compresores Industriales,MASIA GROUP,posted,2026-07-07T02:27:12.012942,50
c714c4ec6935c6dd,https://ve.linkedin.com/jobs/view/t%C3%A9cnico-de-servicios-cr%C3%ADticos-at-laboratorio-behrens-4436160251,Técnico de Servicios Críticos,,scraped,2026-07-07T02:27:14.644196,
1268ec93b2eb7897,https://ve.linkedin.com/jobs/view/analista-de-operaciones-y-mantenimiento-fibra-optica-at-fibex-telecom-4436432945,Analista de Operaciones y Mantenimiento Fibra Optica,,scraped,2026-07-07T02:28:25.824406,
9abbd0fb5516c619,https://ve.linkedin.com/jobs/view/asesor-de-servicios-concesionario-at-hiroshima-cars-c-a-4437438812,Asesor de servicios concesionario,"Hiroshima Cars, C.A.",posted,2026-07-07T02:28:39.981445,52
6330c21cdfa81c4a,https://ve.linkedin.com/jobs/view/abogado-rrhh-at-ioi-c-a-4437180430,Abogado / RRHH,,scraped,2026-07-07T02:28:42.691045,
998854ec76a53797,https://ve.linkedin.com/jobs/view/especialista-inteligencia-comercial-at-procesadora-naturalyst-s-a-4435372391,Especialista Inteligencia Comercial,,scraped,2026-07-07T02:30:05.598505,
cc5ec83cbf29415e,https://ve.linkedin.com/jobs/view/head-of-programmes-p-at-iom-un-migration-4436189861,Head of Programmes (P),IOM - UN Migration,posted,2026-07-07T02:31:27.192901,54
730a81789365e0cc,https://ve.linkedin.com/jobs/view/odoo-senior-developer-at-jacidi-4437436777,Odoo Senior Developer,,scraped,2026-07-07T02:31:29.853224,
3657eb00ee8f0c91,https://ve.linkedin.com/jobs/view/technical-writer-b2b-social-media-search-seo-ai-referral-at-inair-4435522669,Technical Writer - B2B Social Media & Search (SEO/AI Referral),,scraped,2026-07-07T02:31:36.793753,
5edba01c6d39e3c0,https://ve.linkedin.com/jobs/view/gerente-de-operaciones-puerto-la-cruz-at-la-casa-de-firulais-4436941851,Gerente de Operaciones (Puerto la Cruz),,scraped,2026-07-07T02:31:44.027151,
aa2dc5429340d99d,https://ve.linkedin.com/jobs/view/loss-prevention-expert-profit-protection-manager-gerente-de-mermas-gerente-de-prevenci%C3%B3n-de-p%C3%A9rdidas-security-loss-prevention-at-amazon-4436386400,"Loss Prevention Expert/ Profit Protection Manager / Gerente de Mermas / Gerente de Prevención de Pérdidas, Security & Loss Prevention",Amazon,posted,2026-07-07T02:33:03.598412,56
801c96ebad1c25a2,https://ve.linkedin.com/jobs/view/comercial-biling%C3%BCe-presencial-caracas-at-capacitaci%C3%B3n-y-atracci%C3%B3n-de-talento-4437432756,Comercial Bilingüe - Presencial / Caracas,,scraped,2026-07-07T02:33:06.238729,
d07e0023681656ce,https://ve.linkedin.com/jobs/view/soporte-t%C3%A9cnico-y-mercadeo-seo-at-roderotas-4436281371,Soporte Técnico y Mercadeo/SEO,,scraped,2026-07-07T02:33:12.445577,
7b130f80ced58b13,https://ve.linkedin.com/jobs/view/oficial-de-manejo-de-informaci%C3%B3n-caracas-at-reliefweb-4434945382,Oficial de Manejo de Información (Caracas),ReliefWeb,posted,2026-07-07T02:33:25.674671,58
b3785cc9acca6e67,https://ve.linkedin.com/jobs/view/ejecutivo-de-ventas-senior-%E2%80%93-freight-forwarding-ve-at-all-trans-cargo-group-4433991204,Ejecutivo de Ventas Senior – Freight Forwarding VE,,scraped,2026-07-07T02:33:28.440328,
2a28a50c95f51f84,https://ve.linkedin.com/jobs/view/soporte-t%C3%A9cnico-y-mercadeo-seo-at-roderotas-4436290078,Soporte Técnico y Mercadeo/SEO,,scraped,2026-07-07T02:33:36.574005,
6b3952e3b8c2b092,https://ve.linkedin.com/jobs/view/oficial-de-gesti%C3%B3n-de-riesgo-de-desastres-caracas-at-reliefweb-4434954003,Oficial de Gestión de Riesgo de Desastres (Caracas),,scraped,2026-07-07T02:33:43.150973,
124943ffaf15fda5,https://ve.linkedin.com/jobs/view/administrative-support-associate-remote-at-executive-assistant-institute-4436268529,Administrative Support Associate (Remote),,scraped,2026-07-07T02:33:57.040140,
162501a36564d707,https://ve.linkedin.com/jobs/view/estamos-en-b%C3%BAsqueda-de-especialista-contable-at-del-sur-banco-universal-c-a-4435176671,Estamos En Búsqueda De Especialista Contable,"DELSUR Banco Universal, C.A.",posted,2026-07-07T02:36:30.220429,60
66e98c00368fe1c2,https://ve.linkedin.com/jobs/view/gerente-de-recursos-humanos-jn-062026-5975-at-asap-venezuela-4436367619,Gerente de Recursos Humanos (JN -062026-5975),ASAP Venezuela,posted,2026-07-07T02:36:40.905842,62
af9c215a01fecc3d,https://ve.linkedin.com/jobs/view/customer-support-specialist-b2b-at-the-global-talent-co-4435377415,Customer Support Specialist (B2B),,scraped,2026-07-07T02:36:43.627850,
b01d603b55b14cd0,https://ve.linkedin.com/jobs/view/soporte-t%C3%A9cnico-y-mercadeo-seo-at-roderotas-4436284331,Soporte Técnico y Mercadeo/SEO,,scraped,2026-07-07T02:36:58.306479,
f1bba0c1355455f7,https://ve.linkedin.com/jobs/view/education-research-and-innovation-experts-at-ntu-international-a-s-4437194852,"Education, Research and Innovation Experts",,scraped,2026-07-07T02:37:04.904891,
a1ebb0e9bb6b0db0,https://ve.linkedin.com/jobs/view/logistics-lead-at-slb-4423673409,Logistics Lead,,scraped,2026-07-07T02:37:12.029347,
ecebc995392092bf,https://ve.linkedin.com/jobs/view/soporte-t%C3%A9cnico-y-mercadeo-seo-at-roderotas-4436284332,Soporte Técnico y Mercadeo/SEO,,scraped,2026-07-07T02:37:38.078854,
e9231aea064c6a96,https://ve.linkedin.com/jobs/view/health-experts-at-ntu-international-a-s-4437176859,Health Experts,,scraped,2026-07-07T02:37:44.709138,
6d0264bb7302d874,https://ve.linkedin.com/jobs/view/soporte-t%C3%A9cnico-y-mercadeo-seo-at-roderotas-4436286224,Soporte Técnico y Mercadeo/SEO,,scraped,2026-07-07T02:38:55.366255,
cdf1a70b3661ec2c,https://ve.linkedin.com/jobs/view/react-native-tech-lead-trabalho-remoto-at-bairesdev-4436260456,React Native Tech Lead - Trabalho Remoto,BairesDev,posted,2026-07-07T02:39:14.512576,64
f376a4493323be0d,https://ve.linkedin.com/jobs/view/soporte-t%C3%A9cnico-y-mercadeo-seo-at-roderotas-4436289140,Soporte Técnico y Mercadeo/SEO,,scraped,2026-07-07T02:39:17.229098,
6c9b6c7b1361834c,https://ve.linkedin.com/jobs/view/rp-sales-engineer-at-slb-4425765230,RP Sales Engineer,,scraped,2026-07-07T02:39:23.687693,
513bea1ff36e36c9,https://ve.linkedin.com/jobs/view/analista-de-romana-la-miel-at-organizaci%C3%B3n-el-tunal-4436430907,Analista de Romana (La Miel),,scraped,2026-07-07T02:39:38.556519,
d43380627b59cd0b,https://ve.linkedin.com/jobs/view/coordinador-de-ventas-distribuidores-zulia-at-procesadora-naturalyst-s-a-4436164104,Coordinador de Ventas Distribuidores Zulia,,scraped,2026-07-07T02:39:47.104953,
eb48d96180a58926,https://ve.linkedin.com/jobs/view/human-resources-analyst-at-the-a-career-4436439441,Human Resources Analyst,The A Career,posted,2026-07-07T02:39:59.602804,66
6774a5c3ee91764d,https://ve.linkedin.com/jobs/view/analista-de-soporte-at-kaizen-holdings-4437458570,Analista de soporte,Kaizen Holdings,posted,2026-07-07T02:40:41.255377,68
2271a283aeb6402a,https://ve.linkedin.com/jobs/view/sd-supervisor-de-monitoreo-de-produccion-oriente-at-repsol-4435389454,SD-SUPERVISOR DE MONITOREO DE PRODUCCION ORIENTE,,scraped,2026-07-07T02:40:43.646497,
1c0d3da6d874f83b,https://ve.linkedin.com/jobs/view/client-support-specialist-at-the-global-talent-co-4435366754,Client Support Specialist,The Global Talent Co.,posted,2026-07-07T02:40:56.791484,70
a6ca27dfb47a5a94,https://ve.linkedin.com/jobs/view/representante-comercial-l%C3%ADnea-neum%C3%A1ticos-at-lubricantes-shell-para-venezuela-4437410269,Representante comercial línea neumáticos,,scraped,2026-07-07T02:40:59.426904,
8b2d66198ab8c9e6,https://ve.linkedin.com/jobs/view/sd-ingeniero-de-yacimientos-at-repsol-4435390474,SD-INGENIERO DE YACIMIENTOS,,scraped,2026-07-07T02:41:07.335040,
a01785172810e43c,https://ve.linkedin.com/jobs/view/ingeniero-de-procesos-at-wood-4398542094,Ingeniero de procesos,Wood,posted,2026-07-07T02:41:28.898588,72
579d9702b5251ce1,https://ve.linkedin.com/jobs/view/sd-superintendente-de-ing-de-mantenimiento-at-repsol-4435397211,SD-SUPERINTENDENTE DE ING. DE MANTENIMIENTO,,scraped,2026-07-07T02:41:31.441623,
df04fc46498590af,https://ve.linkedin.com/jobs/view/especialista-en-automatizaci%C3%B3n-e-inteligencia-artificial-at-grupo-iro-4436946394,Especialista en Automatización e Inteligencia Artificial,,scraped,2026-07-07T02:41:37.997240,
abf203012d69e7c5,https://ve.linkedin.com/jobs/view/oficial-de-salud-caracas-at-save-the-children-venezuela-4436406877,Oficial de Salud (Caracas),Save the Children Venezuela,posted,2026-07-07T02:43:46.257024,74
e3823090b37eeccf,https://ve.linkedin.com/jobs/view/dise%C3%B1ador-de-instrumentaci%C3%B3n-y-control-at-wood-4398060731,Diseñador de instrumentación y control,Wood,posted,2026-07-07T02:43:59.879886,76
59eac0b5652ac908,https://ve.linkedin.com/jobs/view/sd-coordinador-proyectos-ait-at-repsol-4435390475,SD-COORDINADOR PROYECTOS AIT,,scraped,2026-07-07T02:44:02.513262,
70ed05a6ae629933,https://ve.linkedin.com/jobs/view/analista-de-control-y-seguimiento-la-miel-at-organizaci%C3%B3n-el-tunal-4436429997,Analista de Control y Seguimiento (La Miel),,scraped,2026-07-07T02:44:08.885146,
daf167a7a724361e,https://ve.linkedin.com/jobs/view/ingeniero-de-instrumentaci%C3%B3n-y-control-at-wood-4399824032,Ingeniero de instrumentación y control,Wood,posted,2026-07-07T02:44:27.226775,78
34a4c010175a6f67,https://ve.linkedin.com/jobs/view/traficante-de-anuncios-at-loud-digital-consulting-4437711751,Traficante de anuncios,,scraped,2026-07-07T02:44:30.112893,
ea6b524e4d1788bc,https://ve.linkedin.com/jobs/view/trainee-programa-de-j%C3%B3venes-profesionales-caracas-at-alfonzo-rivas-cia-4433195837,Trainee - Programa de Jóvenes Profesionales (Caracas),,scraped,2026-07-07T02:44:37.934796,
84016658bbc858e0,https://ve.linkedin.com/jobs/view/android-developer-remote-at-hire-feed-4437185440,Android Developer (Remote),,scraped,2026-07-07T02:44:45.958272,
7518bae4db845572,https://ve.linkedin.com/jobs/view/vendedor-externo-%E2%80%93-automatizaci%C3%B3n-industrial-y-neum%C3%A1tica-at-masia-group-4436291053,VENDEDOR EXTERNO – AUTOMATIZACIÓN INDUSTRIAL Y NEUMÁTICA,,scraped,2026-07-07T02:46:02.613204,
231081a281779fb0,https://ve.linkedin.com/jobs/view/backend-developer-remote-at-hire-feed-4437198012,Backend Developer (Remote),,scraped,2026-07-07T02:46:13.351922,
fd222f9924ecf1c3,https://ve.linkedin.com/jobs/view/ingeniero-de-instrumentaci%C3%B3n-y-control-at-wood-4398070374,Ingeniero de instrumentación y control,Wood,posted,2026-07-07T02:46:31.180046,80
05f451972ad65728,https://ve.linkedin.com/jobs/view/sd-ingeniero-geologo-sr-at-repsol-4434633429,SD-INGENIERO GEOLOGO SR,,scraped,2026-07-07T02:46:33.902876,
54f784bf9fd77ebf,https://ve.linkedin.com/jobs/view/senior-marketing-analyst-strategy-analytics-at-toptal-4437463245,"Senior Marketing Analyst, Strategy & Analytics",,scraped,2026-07-07T02:46:40.549522,
68259d40910b9b9f,https://ve.linkedin.com/jobs/view/gerente-corporativo-comercial-at-plavica-plus-4436123179,Gerente Corporativo Comercial,,scraped,2026-07-07T02:47:00.018734,
1873ba50b48fb032,https://ve.linkedin.com/jobs/view/ejecutivo-de-atenci%C3%B3n-al-cliente-atc-at-corporacion-asemedi-c-a-4435382133,Ejecutivo de Atención al Cliente (ATC),CORPORACION ASEMEDI C.A,posted,2026-07-07T02:48:34.805273,82
346ff8ecd14eff9a,https://ve.linkedin.com/jobs/view/pasante-de-responsabilidad-social-at-bat-4416398498,Pasante de responsabilidad social,,scraped,2026-07-07T02:48:37.505167,
bbcf24cc7db0d63c,https://ve.linkedin.com/jobs/view/gerente-de-comercializacion-at-soloson-import-c-a-4436731366,Gerente de Comercializacion,,scraped,2026-07-07T02:49:47.824491,
5ef4e3581850a011,https://ve.linkedin.com/jobs/view/ejecutivo-de-ventas-at-fina-4436362410,Ejecutivo de ventas,,scraped,2026-07-07T02:49:55.008915,
6ac0076eaa36e700,https://ve.linkedin.com/jobs/view/agente-de-atenci%C3%B3n-al-cliente-biling%C3%BCe-presencial-en-ccs-at-capacitaci%C3%B3n-y-atracci%C3%B3n-de-talento-4437470421,Agente de atención al cliente - Bilingüe/Presencial en CCS,,scraped,2026-07-07T02:50:01.426255,
e67825521979503d,https://ve.linkedin.com/jobs/view/asesor-comercial-4437439835,Asesor comercial,"QUALITY FREIGHT SERVICE, C.A.",posted,2026-07-07T02:50:13.041653,84
eb2191ccdbff8132,https://ve.linkedin.com/jobs/view/digital-marketing-photo-curation-trainee-at-wonderful-machine-4437429136,Digital Marketing & Photo Curation Trainee,,scraped,2026-07-07T02:50:15.738229,
cf8adc45337f01ae,https://ve.linkedin.com/jobs/view/bilingual-real-estate-virtual-assistant-at-smartscale360-careers-4435222715,Bilingual Real Estate Virtual Assistant,,scraped,2026-07-07T02:50:42.057941,
83c7ec6ea9cba7a8,https://ve.linkedin.com/jobs/view/consultor-a-sap-fico-senior-%E2%80%93-triling%C3%BCe-espa%C3%B1ol-portugu%C3%A9s-e-ingl%C3%A9s-%E2%80%93-100%25-remoto-venezuela-at-sapindex-4437464013,"Consultor/a SAP FICO Senior – Trilingüe (Español, Portugués e Inglés) – 100% Remoto - Venezuela",,scraped,2026-07-07T02:52:23.987199,
bbb804c42bd0ec5f,https://ve.linkedin.com/jobs/view/cna-las-colinas-post-acute-at-pikes-peak-post-acute-4437495925,CNA - Las Colinas Post Acute,,scraped,2026-07-07T02:52:30.701236,
35328ea156485292,https://ve.linkedin.com/jobs/view/coordinador-hsse-at-wood-4399823080,Coordinador HSSE,Wood,posted,2026-07-07T02:52:48.327365,86
ecd84baaeca66ddb,https://ve.linkedin.com/jobs/view/frontend-developer-remote-at-hire-feed-4437400031,Frontend Developer (Remote),,scraped,2026-07-07T02:52:50.961528,
615cc8e7cc978ff8,https://ve.linkedin.com/jobs/view/frontend-developer-remote-at-hire-feed-4437187201,Frontend Developer (Remote),,scraped,2026-07-07T02:52:57.700816,
3ab5daa4f8d8cbfa,https://ve.linkedin.com/jobs/view/certified-occupational-therapy-assistant-cota-las-colinas-at-pikes-peak-post-acute-4435358798,Certified Occupational Therapy Assistant (COTA) - Las Colinas,,scraped,2026-07-07T02:53:28.314896,
40d2c9f39f6f3227,https://ve.linkedin.com/jobs/view/fp-a-manager-at-amcor-4436906231,FP&A Manager,,scraped,2026-07-07T02:54:38.421437,
60a900a4d33c8f5f,https://ve.linkedin.com/jobs/view/ejecutivo-de-ventas-at-magnetive-group-llc-4437186643,Ejecutivo de ventas,,scraped,2026-07-07T02:54:44.926225,
6004bb8d70bb3c4c,https://ve.linkedin.com/jobs/view/frontend-engineer-remote-at-hire-feed-4437199020,Frontend Engineer (Remote),,scraped,2026-07-07T02:54:55.171862,
afe76a5a2a590e50,https://ve.linkedin.com/jobs/view/cps-mechanical-technician-at-slb-4433140909,CPS Mechanical Technician,SLB,posted,2026-07-07T02:55:20.018181,88
ee1bebcf38e572e4,https://ve.linkedin.com/jobs/view/especialista-en-aix-at-asimetrix-soluciones-tecnol%C3%B3gicas-4436370507,ESPECIALISTA EN AIX,,scraped,2026-07-07T02:55:22.645637,
28ea2c1fc625b56a,https://ve.linkedin.com/jobs/view/especialista-paid-media-seo-at-alianzas-group-17-c-a-4437195824,Especialista Paid Media & SEO,"Alianzas Group 17, C.A.",posted,2026-07-07T02:56:41.896178,90
d26c482c0b5d1d0c,https://ve.linkedin.com/jobs/view/agentes-de-atenci%C3%B3n-al-cliente-triling%C3%BCe-at-lionpublic-4437194272,Agentes de atención al cliente trilingüe,,scraped,2026-07-07T02:56:44.555110,
9ae3b4606c09c810,https://ve.linkedin.com/jobs/view/inclusive-and-sustainable-economic-integration-experts-at-ntu-international-a-s-4436741175,Inclusive and Sustainable Economic Integration Experts,,scraped,2026-07-07T02:57:08.531108,
c4761724135114fe,https://ve.linkedin.com/jobs/view/community-manager-at-transsion-4436022586,Community Manager,,scraped,2026-07-07T02:58:19.363626,
25d83b8189786d9d,https://ve.linkedin.com/jobs/view/well-site-leader-drilling-at-slb-4433146686,Well Site Leader Drilling,,scraped,2026-07-07T02:59:30.727748,
8a45fe7f33253a0e,https://ve.linkedin.com/jobs/view/python-developer-remote-at-hire-feed-4437179814,Python Developer (Remote),,scraped,2026-07-07T02:59:38.505101,
39190e50a6246d15,https://ve.linkedin.com/jobs/view/representante-visitador-m%C3%A9dico-4437457488,Representante visitador médico,Perfect Balance 49,posted,2026-07-07T03:01:52.900000,92
591ddec22c0904d7,https://ve.linkedin.com/jobs/view/gerente-comercial-4436417638,Gerente comercial,Grupo Tec Venezuela,posted,2026-07-07T03:02:00.488482,94
17f63dc1cc33f3b9,https://ve.linkedin.com/jobs/view/ingeniero-el%C3%A9ctrico-at-wood-4399459144,Ingeniero eléctrico,Wood,posted,2026-07-07T03:02:14.138045,96
33bf16c519729992,https://ve.linkedin.com/jobs/view/cam-field-specialists-at-slb-4434931845,CAM Field Specialists,,scraped,2026-07-07T03:02:16.703747,
2b47a0982a43ceaa,https://ve.linkedin.com/jobs/view/retail-expert-at-transsion-4434689513,Retail Expert,,scraped,2026-07-07T03:02:24.074681,
f3a51215af2fea8e,https://ve.linkedin.com/jobs/view/site-manager-depot-at-a-p-moller-maersk-4387637501,Site Manager (Depot),,scraped,2026-07-07T03:02:31.502127,
5d377dfba65fd3fd,https://ve.linkedin.com/jobs/view/qa-engineer-remote-at-hire-feed-4437190291,QA Engineer (Remote),,scraped,2026-07-07T03:03:41.867412,
e79d872ab4c59c6d,https://ve.linkedin.com/jobs/view/computer-scientist-remote-work-at-bairesdev-4436268096,Computer Scientist - Remote Work,,scraped,2026-07-07T03:04:52.212631,
f9b49d7b60131968,https://ve.linkedin.com/jobs/view/senior-java-spring-boot-developer-at-armi-4437164847,Senior Java/Spring Boot Developer,,scraped,2026-07-07T03:05:00.662252,
c89763d054c164c7,https://ve.linkedin.com/jobs/view/dise%C3%B1ador-el%C3%A9ctrico-at-wood-4399452490,Diseñador eléctrico,Wood,posted,2026-07-07T03:06:22.905364,98
750b253a794a55db,https://ve.linkedin.com/jobs/view/node-js-developer-remote-at-hire-feed-4437192318,Node.js Developer (Remote),,scraped,2026-07-07T03:06:25.515939,
f9da538b3d32ff5f,https://ve.linkedin.com/jobs/view/legal-counsel-specialist-temporal-6-meses-at-ivi-rma-global-4433175900,Legal Counsel Specialist  - Temporal  6 meses,,scraped,2026-07-07T03:07:06.784114,
978dfe53d1d3f5de,https://ve.linkedin.com/jobs/view/l%C3%ADderes-independientes-para-vender-seguros-de-vida-latam-at-facilitadoresfinancieros-4437453561,Líderes independientes para vender seguros de vida (LATAM),,scraped,2026-07-07T03:07:13.956298,
8a3aad992e6b98ea,https://ve.linkedin.com/jobs/view/operations-integrity-manager-at-slb-4433918331,Operations Integrity Manager,,scraped,2026-07-07T03:07:20.104213,
53b8963e9038aef7,https://ve.linkedin.com/jobs/view/ingeniero-administrativo-de-operaciones-at-grupo-corporativo-san-jos%C3%A9-4436951607,Ingeniero Administrativo de Operaciones,Grupo Corporativo San José,posted,2026-07-07T03:08:58.638783,100
e5c6793544b01759,https://ve.linkedin.com/jobs/view/coordinador-de-mercadeo-at-mafi-c-a-4432833780,Coordinador de mercadeo,"Mafi, C.A.",posted,2026-07-07T03:09:09.097872,102
8c4722a833ae96ba,https://ve.linkedin.com/jobs/view/medico-veterinario-caracas-at-la-casa-de-firulais-4437111344,Medico Veterinario (Caracas),,scraped,2026-07-07T03:09:14.100654,
92e94d2ab8d2d12d,https://ve.linkedin.com/jobs/view/junior-admin-assistant-at-freelance-latin-america-4434335007,Junior Admin Assistant,,scraped,2026-07-07T03:10:48.000107,
51bd8d427a9ed537,https://ve.linkedin.com/jobs/view/editor-a-de-v%C3%ADdeo-%C2%B7-creador-a-de-anuncios-100%25-remoto-4437113518,Editor/a de Vídeo · Creador/a de Anuncios (100% remoto),MOONSPIR,posted,2026-07-07T03:11:01.011878,104
11f9935122dd4434,https://ve.linkedin.com/jobs/view/vendedor-al-mayor-at-grupo%2Btres-4437493685,Vendedor al mayor,,scraped,2026-07-07T03:11:03.695399,
0885971203946c91,https://ve.linkedin.com/jobs/view/m%C3%A9dico-4436766640,Médico,Servicios Medicos Tucacas,posted,2026-07-07T03:11:16.716796,106
3e0b69b7ad60b3d3,https://ve.linkedin.com/jobs/view/cps-job-delivery-lead-at-slb-4435506117,CPS Job Delivery Lead,,scraped,2026-07-07T03:11:19.354926,
a037bca8c39b7ac1,https://ve.linkedin.com/jobs/view/technical-sales-support-professional-grid-technologies-services-at-siemens-energy-4435484702,Technical Sales Support Professional - Grid Technologies Services,,scraped,2026-07-07T03:11:27.356630,
6b49bad0960cd260,https://ve.linkedin.com/jobs/view/lider-de-satisfacci%C3%B3n-del-cliente-at-consorcio-medisolutions-4436110096,Lider de Satisfacción del Cliente,Consorcio Medisolutions,posted,2026-07-07T03:11:49.641718,108
8cd8fc4a2e0195ac,https://ve.linkedin.com/jobs/view/especialista-en-marketing-digital-y-posicionamiento-de-marca-at-plavica-plus-4436113424,Especialista en Marketing Digital y Posicionamiento de Marca,,scraped,2026-07-07T03:11:52.271694,
ade2db0d79f7257e,https://ve.linkedin.com/jobs/view/ingeniero-el%C3%A9ctrico-at-wood-4399462065,Ingeniero eléctrico,Wood,posted,2026-07-07T03:12:18.804697,110
3d0c0c20a5b1ec24,https://ve.linkedin.com/jobs/view/superintendent-drilling-at-slb-4433146685,Superintendent Drilling,,scraped,2026-07-07T03:12:21.390904,
5a9f8e561d85adcd,https://ve.linkedin.com/jobs/view/ingeniero-electricista-at-ioi-c-a-4436941975,INGENIERO ELECTRICISTA,,scraped,2026-07-07T03:12:34.474805,
d09f1c7d4d649362,https://ve.linkedin.com/jobs/view/ingeniero-de-tuber%C3%ADa-at-wood-4398541108,Ingeniero de tubería,Wood,posted,2026-07-07T03:13:04.131004,112
6f3d364eeaa34d7a,https://ve.linkedin.com/jobs/view/ingeniero-civil-at-wood-4399455284,Ingeniero civil,Wood,posted,2026-07-07T03:13:17.185262,114
1f0ab1ac986705c2,https://ve.linkedin.com/jobs/view/pasante-de-calidad-sistema-de-gesti%C3%B3n-at-mondel%C4%93z-international-4435322633,Pasante de Calidad - Sistema de Gestión,Mondelēz International,posted,2026-07-07T03:13:35.826286,116
72ccd93efc1e1f8e,https://ve.linkedin.com/jobs/view/ts-specialist-medicion-multifasica-at-slb-4433928018,TS Specialist - Medicion Multifasica,,scraped,2026-07-07T03:13:38.404795,
52ce7646fb303fb1,https://ve.linkedin.com/jobs/view/especialista-en-domiciliacion-bancaria-at-credimara-4436351398,ESPECIALISTA EN DOMICILIACION BANCARIA,Credimara,posted,2026-07-07T03:14:05.326011,118
8d90ed88c92d2b2c,https://ve.linkedin.com/jobs/view/elixir-developer-remote-work-at-bairesdev-4436237719,Elixir Developer - Remote Work,,scraped,2026-07-07T03:14:07.881422,
4d9890d84965826b,https://ve.linkedin.com/jobs/view/ai-video-producer-veo3-for-youtube-ad-creative-agency-at-ad-lab-4433131675,AI Video Producer (VEO3) for YouTube Ad Creative Agency,,scraped,2026-07-07T03:14:15.534830,
0dc3820d772ee83c,https://ve.linkedin.com/jobs/view/desarrollador-etl-trabajo-remoto-at-bairesdev-4436234385,Desarrollador ETL - Trabajo Remoto,,scraped,2026-07-07T03:14:22.449427,
0bfc20efd7a6d92e,https://ve.linkedin.com/jobs/view/react-native-tech-lead-trabajo-remoto-at-bairesdev-4436233569,React Native Tech Lead - Trabajo Remoto,,scraped,2026-07-07T03:14:29.490085,
82e45799851d5909,https://ve.linkedin.com/jobs/view/customer-banking-specialist-collingwood-at-commonwealth-bank-4437710001,Customer Banking Specialist - Collingwood,,scraped,2026-07-07T03:14:53.492985,
d2de985751442f78,https://ve.linkedin.com/jobs/view/m%C3%A9dico-o-enfermera-biling%C3%BCe-ingl%C3%A9s-espa%C3%B1ol-at-access-salud-c-a-4432795982,Médico o Enfermera Bilingüe (inglés/español),"Access Salud, C.A.",posted,2026-07-07T03:15:20.602456,120
a1781486500623a6,https://ve.linkedin.com/jobs/view/senior-python-developer-remote-work-at-bairesdev-4436250936,Senior Python Developer - Remote Work,,scraped,2026-07-07T03:15:23.175469,
766b31156bcb5a69,https://ve.linkedin.com/jobs/view/desarrollador-m%C3%B3vil-kotlin-trabajo-remoto-at-bairesdev-4436230125,Desarrollador Móvil Kotlin - Trabajo Remoto,,scraped,2026-07-07T03:15:30.309535,
01213f4d6611be30,https://ve.linkedin.com/jobs/view/senior-net-developer-temporary-contract-at-applaudo-4436370594,Senior .NET Developer (temporary contract),,scraped,2026-07-07T03:15:49.800117,
a82b1dac550e0ac8,https://ve.linkedin.com/jobs/view/maturin-supply-chain-esg-procurement-specialist-at-halliburton-4436518356,Maturin-Supply Chain-ESG-Procurement Specialist,Halliburton,posted,2026-07-07T12:19:32.496814,122
bff4ca21406e7b25,https://ve.linkedin.com/jobs/view/supervisor-de-atenci%C3%B3n-a-clientes-atc-at-cashea-4435712535,Supervisor de Atención a Clientes (ATC),,scraped,2026-07-07T12:19:43.115293,
861952e9c1c88e72,https://ve.linkedin.com/jobs/view/vicepresidente-de-negocios-banca-especializada-at-del-sur-banco-universal-c-a-4435849422,Vicepresidente De Negocios Banca Especializada,"DELSUR Banco Universal, C.A.",posted,2026-07-07T12:21:17.453978,124
4721a71dd049b73a,https://ve.linkedin.com/jobs/view/supervisor-de-ventas-distribuidor-de-consumo-masivo-at-canacintra-le%C3%B3n-4436911703,SUPERVISOR DE  VENTAS  /DISTRIBUIDOR DE CONSUMO MASIVO,CANACINTRA León,posted,2026-07-07T12:21:33.404684,126
cbe23165143b4416,https://ve.linkedin.com/jobs/view/oficial-meal-y-comunicaci%C3%B3n-caracas-venezuela-at-fundaci%C3%B3n-ayuda-en-acci%C3%B3n-4434325355,"Oficial MEAL y Comunicación - Caracas, Venezuela.",,scraped,2026-07-07T12:21:38.041512,
ace43b4216ce403e,https://ve.linkedin.com/jobs/view/representante-del-servicio-de-atenci%C3%B3n-al-cliente-at-efiempresa-4436749087,Representante del servicio de atención al cliente,Efiempresa,posted,2026-07-07T12:21:53.862206,128
695a7d374c9f9194,https://ve.linkedin.com/jobs/view/gerente-de-proyecto-venezuela-at-reliefweb-4436471834,Gerente de Proyecto Venezuela,ReliefWeb,posted,2026-07-07T12:22:04.951003,130
04ef702cbf6bd2ad,https://ve.linkedin.com/jobs/view/soporte-t%C3%A9cnico-y-mercadeo-seo-at-roderotas-4436276623,Soporte Técnico y Mercadeo/SEO,,scraped,2026-07-07T12:22:15.344971,
f84ba5ff81796b1f,https://ve.linkedin.com/jobs/view/soporte-t%C3%A9cnico-y-mercadeo-seo-at-roderotas-4436280427,Soporte Técnico y Mercadeo/SEO,,scraped,2026-07-07T12:22:22.524661,
78e8e9cc1746a0ca,https://ve.linkedin.com/jobs/view/paramedico-24x48-at-grupo-fastmed-4436270958,PARAMEDICO 24X48,Grupo Fastmed,posted,2026-07-07T12:22:41.894789,132
06622f1c7eac8581,https://ve.linkedin.com/jobs/view/coordinador-de-desarrollo-de-canal-at-cervecer%C3%ADa-regional-4433728157,Coordinador de Desarrollo de Canal,,scraped,2026-07-07T12:22:44.452280,
5b5a160783ca96f8,https://ve.linkedin.com/jobs/view/analista-de-cobranzas-at-mondel%C4%93z-international-4435824650,Analista de Cobranzas,Mondelēz International,posted,2026-07-07T12:23:01.655137,134
1d899261b7978783,https://ve.linkedin.com/jobs/view/analista-de-business-intelligence-bi-at-grupo-iro-4436954117,Analista de Business Intelligence (BI),Grupo IRO,posted,2026-07-07T12:23:08.151678,42
91bd18e14b9ca4a3,https://ve.linkedin.com/jobs/view/project-officer-l%C3%ADnea-de-contacto-interagencial-no-1-ta-364-days-%2300137975-caracas-%E2%80%93-venezuela-lacr-at-unicef-4436110898,"Project Officer (Línea de Contacto Interagencial), (NO-1), TA, 364 days, #00137975, Caracas – Venezuela, LACR",UNICEF,posted,2026-07-07T12:23:23.346863,136
82bc9f1f4a2c33f7,https://ve.linkedin.com/jobs/view/team-leader-venezuela-scoping-mission-at-relief-international-4437422859,"Team Leader, Venezuela Scoping Mission",Relief International,posted,2026-07-07T12:23:31.591060,138
e2293b163392b61b,https://ve.linkedin.com/jobs/view/valencia-cabin-crew-opportunities-dubai-based-relocation-provided-at-emirates-4434506360,"Valencia Cabin Crew Opportunities (Dubai Based, Relocation Provided)",,scraped,2026-07-07T12:23:34.304046,
f9845b8bc43a59dc,https://ve.linkedin.com/jobs/view/analista-contable-at-filtros-ram%C3%ADrez-c-a-4436291051,ANALISTA CONTABLE,,scraped,2026-07-07T12:23:41.070059,
9f6de7e56f363e86,https://ve.linkedin.com/jobs/view/vendedor-de-mostrador-at-filtros-ram%C3%ADrez-c-a-4436279469,Vendedor de Mostrador,,scraped,2026-07-07T12:23:49.084816,
15d36bf352452dec,https://ve.linkedin.com/jobs/view/asesor-de-ventas-corporativas-at-fibex-telecom-4436716547,Asesor de Ventas Corporativas,,scraped,2026-07-07T12:23:55.167272,
4d8052ab96e179be,https://ve.linkedin.com/jobs/view/executive-assistant-us-startup-at-scale-up-recruiting-partners-4435777470,Executive Assistant - US StartUp,Scale Up Recruiting Partners,posted,2026-07-07T12:24:18.841394,140
45a35a5c44876b05,https://ve.linkedin.com/jobs/view/information-management-officer-no-1-ta-4-months-%2300137712-caracas-%E2%80%93-venezuela-lacr-at-unicef-chad-4433720958,"Information Management Officer, NO-1, TA, 4 months, #00137712, Caracas – Venezuela, LACR",Unicef CHAD,posted,2026-07-07T12:24:31.791634,142
2df33854ff40e6f3,https://ve.linkedin.com/jobs/view/business-development-manager-venezuela-at-ecoflow-4436236161,Business Development Manager - Venezuela,EcoFlow,posted,2026-07-07T12:24:41.277194,144
5b9d594b65b2ef91,https://ve.linkedin.com/jobs/view/evaluation-officer-no-2-ta-364-days-%2300137824-caracas-%E2%80%93-venezuela-lacr-at-unicef-chad-4433159420,"Evaluation Officer, (NO-2), TA, 364 days, #00137824, Caracas – Venezuela, LACR",Unicef CHAD,posted,2026-07-07T12:24:49.434170,46
d50a44179560ab47,https://ve.linkedin.com/jobs/view/ejecutivo-procesos-excelencia-eventual-at-coca-cola-femsa-4431958320,Ejecutivo Procesos Excelencia Eventual,,scraped,2026-07-07T12:24:52.106405,
e0540be11fb241b9,https://ve.linkedin.com/jobs/view/inventory-analyst-at-james-bark-4345181651,Inventory Analyst,James Bark,posted,2026-07-07T12:25:09.360636,146
89752b260864bd8f,https://ve.linkedin.com/jobs/view/ui-ux-designer-at-waku-casa-de-software-4437196918,UI/UX Designer,Waku Casa de Software,posted,2026-07-07T12:25:19.332135,148
f9b6ec643d527adf,https://ve.linkedin.com/jobs/view/coordinador-de-auditor%C3%ADa-y-control-interno-at-mondel%C4%93z-international-4398962719,Coordinador de Auditoría y Control Interno,Mondelēz International,posted,2026-07-07T12:25:32.463637,150
d1b37260b7d6c33d,https://ve.linkedin.com/jobs/view/ingeniero-infraestructura-at-empresas-polar-4433188588,Ingeniero Infraestructura,,scraped,2026-07-07T12:25:35.175741,
174fad33f40d1108,https://ve.linkedin.com/jobs/view/representante-ventas-zona-higuerote-at-canacintra-le%C3%B3n-4435364754,REPRESENTANTE  VENTAS  / ZONA HIGUEROTE,CANACINTRA León,posted,2026-07-07T12:25:54.940290,152
01ae61abd3a8e115,https://ve.linkedin.com/jobs/view/oficial-meal-y-comunicaci%C3%B3n-caracas-venezuela-at-reliefweb-4435187123,"Oficial MEAL y Comunicación - Caracas, Venezuela",ReliefWeb,posted,2026-07-07T12:26:07.683539,154
e421a5990832ae07,https://ve.linkedin.com/jobs/view/representante-de-ventas-at-mondel%C4%93z-international-4398582732,Representante de Ventas,Mondelēz International,posted,2026-07-07T12:26:19.154227,156
8a999646d0eb45fd,https://ve.linkedin.com/jobs/view/community-manager-especialista-en-redes-sociales-marketing-digital-y-ventas-at-agencia-de-onlyfans-4434713357,"Community Manager Especialista en Redes Sociales, Marketing Digital y Ventas",,scraped,2026-07-07T12:26:21.785683,
4b0a4d2fcb8a2a28,https://ve.linkedin.com/jobs/view/soporte-t%C3%A9cnico-y-mercadeo-seo-at-roderotas-4436288161,Soporte Técnico y Mercadeo/SEO,,scraped,2026-07-07T12:26:28.691736,
bcd251bf902fb224,https://ve.linkedin.com/jobs/view/full-time-assistant-manager-at-cinemark-4435842961,Full-Time Assistant Manager,Cinemark,posted,2026-07-07T12:26:43.446428,158
dd410a16ff98a257,https://ve.linkedin.com/jobs/view/soporte-t%C3%A9cnico-y-mercadeo-seo-at-roderotas-4436292056,Soporte Técnico y Mercadeo/SEO,,scraped,2026-07-07T12:26:47.811185,
60c2500eb3b407c2,https://ve.linkedin.com/jobs/view/tenico-de-mantenimiento-at-alimentos-kiri-4437790062,Tenico de Mantenimiento,Alimentos Kiri,posted,2026-07-07T12:27:12.418925,160
245e382bf40689e8,https://ve.linkedin.com/jobs/view/analista-de-negocios-trabajo-remoto-at-bairesdev-4436249005,Analista de Negocios - Trabajo Remoto,BairesDev,posted,2026-07-07T12:27:24.601766,162
471f70f37420185e,https://ve.linkedin.com/jobs/view/sustainable-energy-experts-at-ntu-international-a-s-4437117538,Sustainable Energy Experts,,scraped,2026-07-07T12:27:27.330763,
425024b054e45412,https://ve.linkedin.com/jobs/view/air-operations-assistant-g5%0Ajob-id-280225-at-urban-resilience-hub-by-un-habitat-s-crgp-4436975174,"AIR OPERATIONS ASSISTANT, G5
Job ID : 280225",,scraped,2026-07-07T12:27:34.645665,
7cfc67321ec65428,https://ve.linkedin.com/jobs/view/analista-de-tiempo-real-wfm-at-cashea-4435297469,Analista de Tiempo Real (WFM),,scraped,2026-07-07T12:27:42.902174,
c23c49ddb0ee4823,https://ve.linkedin.com/jobs/view/representante-visitador-m%C3%A9dico-at-nestl%C3%A9-4431950974,Representante visitador médico,Nestlé,posted,2026-07-07T12:27:57.657809,164
25f192fbff92d238,https://ve.linkedin.com/jobs/view/soporte-t%C3%A9cnico-y-mercadeo-seo-at-roderotas-4436292055,Soporte Técnico y Mercadeo/SEO,,scraped,2026-07-07T12:28:00.141613,
fce30aa3a98dd816,https://ve.linkedin.com/jobs/view/creative-marketing-coordinator-latam-at-chapman-management-group-llc-4437754108,Creative Marketing Coordinator (LATAM),"Chapman Management Group, LLC",posted,2026-07-07T12:28:23.634326,166
36687d73c7c66dd2,https://ve.linkedin.com/jobs/view/especialista-en-marketing-digital-at-efiempresa-4437419895,Especialista en marketing digital,Efiempresa,posted,2026-07-07T12:28:34.133964,168
e1ef8449a442a626,https://ve.linkedin.com/jobs/view/information-technology-account-manager-at-indexa-it-solutions-c-a-4430433507,Information Technology Account Manager,,scraped,2026-07-07T12:28:36.760494,
16da6a3405bb3b03,https://ve.linkedin.com/jobs/view/solutions-consultant-full-time-at-inair-4436497151,Solutions Consultant (Full Time),InAir,posted,2026-07-07T12:28:55.742959,170
7c55acbc1f4aac12,https://ve.linkedin.com/jobs/view/promotor-anaquelero-bebidas-at-evolve-interactive-mx-4436585134,Promotor Anaquelero - Bebidas,Evolve Interactive MX,posted,2026-07-07T12:29:10.423983,172
fcf856a6f1830f84,https://ve.linkedin.com/jobs/view/vendedor-remoto-closer-de-ventas-at-gova-virtual-assistance-4433954079,Vendedor remoto /  Closer de Ventas,,scraped,2026-07-07T12:29:15.186436,
9838891092405970,https://ve.linkedin.com/jobs/view/soporte-t%C3%A9cnico-y-mercadeo-seo-at-roderotas-4436273815,Soporte Técnico y Mercadeo/SEO,,scraped,2026-07-07T12:29:23.962681,
da30f6ca57f81b9b,https://ve.linkedin.com/jobs/view/soporte-t%C3%A9cnico-y-mercadeo-seo-at-roderotas-4436289149,Soporte Técnico y Mercadeo/SEO,,scraped,2026-07-07T12:29:31.179896,
058f405f21af0a22,https://ve.linkedin.com/jobs/view/team-leader-venezuela-scoping-mission-at-relief-international-4437412819,"Team Leader, Venezuela Scoping Mission",Relief International,posted,2026-07-07T12:29:43.296939,138
d1d4d5c441973000,https://ve.linkedin.com/jobs/view/daxili-audit-m%C3%BCt%C9%99x%C9%99ssisi-at-sr-group-co-4435843265,Daxili Audit Mütəxəssisi,,scraped,2026-07-07T12:29:49.849281,
2a613b530bc6c952,https://ve.linkedin.com/jobs/view/operadores-de-telemarketing-remoto-cold-calling-y-appointment-setter-at-promotex-inc-4436720961,Operadores de Telemarketing Remoto (Cold Calling y Appointment Setter),Promotex Inc,posted,2026-07-07T12:30:09.991409,174
c9c1e5b045e12a4a,https://ve.linkedin.com/jobs/view/theatre-team-member-at-cinemark-4435858171,Theatre Team Member,Cinemark,posted,2026-07-07T12:30:20.700653,176
f1a1a5ad73410d0d,https://ve.linkedin.com/jobs/view/supervisor-de-comedor-at-restoven-de-venezuela-4437718925,Supervisor de Comedor,,scraped,2026-07-07T12:30:23.424389,
dbddf47b76099c69,https://ve.linkedin.com/jobs/view/sd-supervisor-higiene-ocupacional-at-repsol-4435504103,SD-SUPERVISOR HIGIENE OCUPACIONAL,,scraped,2026-07-07T12:30:34.414888,
c2d231c283bd062a,https://ve.linkedin.com/jobs/view/especialista-en-marketing-digital-at-efiempresa-4437409855,Especialista en marketing digital,Efiempresa,scraped,2026-07-07T12:30:42.669258,
bc5b7e6e63e5aee7,https://ve.linkedin.com/jobs/view/especialista-tecnico-automotriz-at-baic-venezuela-4437417332,Especialista Tecnico Automotriz,BAIC Venezuela,posted,2026-07-07T12:31:15.251749,178
3229e04d9729e121,https://ve.linkedin.com/jobs/view/electricista-at-empresas-polar-4433188361,Electricista,,scraped,2026-07-07T12:31:17.763172,
58133ee230976aaf,https://ve.linkedin.com/jobs/view/cybersecurity-secure-infrastructure-engineer-at-waku-casa-de-software-4437414118,Cybersecurity & Secure Infrastructure Engineer,Waku Casa de Software,posted,2026-07-07T12:31:37.697431,180
1f2b91a622a81045,https://ve.linkedin.com/jobs/view/climate-change-and-circular-economy-experts-at-ntu-international-a-s-4437142301,Climate Change and Circular Economy Experts,,scraped,2026-07-07T12:31:40.375088,
8d1de57a11f076d2,https://ve.linkedin.com/jobs/view/junior-software-engineer-%E2%80%93-remote-at-hire-feed-4437776522,Junior Software Engineer – Remote,Hire Feed,posted,2026-07-07T12:31:53.216540,182
2ee5d9c7fdda91c5,https://ve.linkedin.com/jobs/view/psic%C3%B3logos-caracas-at-save-the-children-venezuela-4435318142,Psicólogos (Caracas),Save the Children Venezuela,posted,2026-07-07T12:32:05.691840,184
6e20943297081e67,https://ve.linkedin.com/jobs/view/cp-035-2026-vz-t%C3%A9cnico-a-de-tesorer%C3%ADa-y-contabilidad-contrato-nacional-at-lwf-jordan-4436271641,CP 035 2026 VZ_ Técnico/a de Tesorería y Contabilidad_*Contrato Nacional,LWF Jordan,posted,2026-07-07T12:32:23.053281,186
86e658f267aff1aa,https://ve.linkedin.com/jobs/view/zoho-expert-commercial-real-estate-lending-at-remoteva-4437774136,Zoho Expert (Commercial Real Estate / Lending),RemoteVA,posted,2026-07-07T12:32:36.754040,188
3998ae73dbe3923b,https://ve.linkedin.com/jobs/view/react-developer-remote-at-hire-feed-4437777596,React Developer (Remote),Hire Feed,posted,2026-07-07T12:32:56.800286,190
8b3a3457b68c45f3,https://ve.linkedin.com/jobs/view/react-developer-remote-at-hire-feed-4437777540,React Developer (Remote),Hire Feed,scraped,2026-07-07T12:33:00.984702,
c3f1dacf4b9ec28a,https://ve.linkedin.com/jobs/view/cp-033-2026-vz-profesional-en-asesor%C3%ADa-legal-contrato-nacional-at-lwf-jordan-4434304711,CP 033 2026 VZ_ Profesional en Asesoría Legal_*Contrato Nacional,LWF Jordan,posted,2026-07-07T12:33:18.209058,192
3e77c8814cf0b2e3,https://ve.linkedin.com/jobs/view/un-mandataire-judiciaire-a-la-protection-des-majeurs-h-f-73-at-udaf-union-d%C3%A9partementale-des-associations-familiales-4436036192,UN MANDATAIRE JUDICIAIRE A LA PROTECTION DES MAJEURS H/F (73),,scraped,2026-07-07T12:33:21.097807,
a033baf252813aa7,https://ve.linkedin.com/jobs/view/digital-experts-at-ntu-international-a-s-4437156810,Digital Experts,,scraped,2026-07-07T12:33:32.700438,
1775ffa3dd6329bb,https://ve.linkedin.com/jobs/view/oficial-de-nutrici%C3%B3n-caracas-at-save-the-children-venezuela-4436372679,Oficial de Nutrición (Caracas),Save the Children Venezuela,posted,2026-07-07T12:33:49.666999,194
c1d749187bb63449,https://ve.linkedin.com/jobs/view/aide-soignant-e-h-f-26-at-udaf-union-d%C3%A9partementale-des-associations-familiales-4436032350,Aide soignant(e) H/F (26),,scraped,2026-07-07T12:34:00.605764,
fd4ec380bfdb617b,https://ve.linkedin.com/jobs/view/frontend-developer-remote-at-hire-feed-4437775504,Frontend Developer (Remote),Hire Feed,posted,2026-07-07T12:34:18.198096,196
9f2c502fad381d31,https://ve.linkedin.com/jobs/view/sales-support-professional-grid-technologies-services-at-siemens-energy-4435484703,Sales Support Professional - Grid Technologies Services,Siemens Energy,posted,2026-07-07T12:34:30.880976,198
607e578e98133f70,https://ve.linkedin.com/jobs/view/cardiology-patient-navigator-at-seamless-assist-4437715732,Cardiology Patient Navigator,Seamless Assist,posted,2026-07-07T12:34:42.964407,200
fb1cf11dbc8c5678,https://ve.linkedin.com/jobs/view/asesor-de-ventas-uniformes-m%C3%A9dicos-at-marcatalento-4432286877,Asesor de ventas (uniformes médicos),MARCATALENTO,posted,2026-07-07T12:34:58.060816,202
4c2963bd54e31b76,https://ve.linkedin.com/jobs/view/frontend-engineer-remote-at-hire-feed-4437768980,Frontend Engineer (Remote),Hire Feed,posted,2026-07-07T12:35:13.167275,204
c5edc2832f74d850,https://ve.linkedin.com/jobs/view/gerente-comercial-nacional-sector-automotriz-y-retail-at-plavica-plus-4436117488,Gerente Comercial Nacional (Sector Automotriz y Retail),,scraped,2026-07-07T12:35:25.787477,
86d06b18109901f5,https://ve.linkedin.com/jobs/view/ejecutivo-de-ventas-at-imb-movilidad-4431257666,Ejecutivo de ventas,,scraped,2026-07-07T12:35:41.071186,
4689cdfd8f1e55dd,https://ve.linkedin.com/jobs/view/gerente-corporativo-comercial-baw-de-venezuela-at-plavica-plus-4436112521,Gerente Corporativo Comercial - BAW de Venezuela,Plavica Plus,posted,2026-07-07T12:36:15.805591,206
b51e453725fe5e2e,https://ve.linkedin.com/jobs/view/backend-developer-remote-at-hire-feed-4437772913,Backend Developer (Remote),Hire Feed,posted,2026-07-07T12:36:26.520480,208
1caeb547444d52a0,https://ve.linkedin.com/jobs/view/representante-de-ventas-maracay-at-mondel%C4%93z-international-4369943594,Representante de Ventas Maracay,Mondelēz International,posted,2026-07-07T12:36:47.543057,210
7602bb6c7e6372bb,https://ve.linkedin.com/jobs/view/desarrollador-kotlin-trabajo-remoto-at-bairesdev-4436219474,Desarrollador Kotlin - Trabajo Remoto,BairesDev,posted,2026-07-07T12:37:01.044749,212
d0cc1a10b4cbfd25,https://ve.linkedin.com/jobs/view/back-end-java-developer-remote-at-hire-feed-4437779477,Back-End Java Developer (Remote),Hire Feed,posted,2026-07-07T12:37:08.778803,214
dfc1859a570f5398,https://ve.linkedin.com/jobs/view/master-electrician-supervisor-at-amentum-4437463545,Master Electrician Supervisor,Amentum,posted,2026-07-07T12:37:28.469308,216
d3bba35e7bf04874,https://ve.linkedin.com/jobs/view/dise%C3%B1ador-de-tuber%C3%ADa-at-wood-4398538197,Diseñador de tubería,Wood,posted,2026-07-07T12:37:43.434072,218
e80e5a432e7bb1c3,https://ve.linkedin.com/jobs/view/captain-trainer-dominican-republic-at-svitzer-4271346889,Captain (Trainer)- Dominican Republic,,scraped,2026-07-07T12:37:46.022849,
b2eeaff9fc75f8ec,https://ve.linkedin.com/jobs/view/asistente-administrativo-de-infraestructura-at-alfonzo-rivas-cia-4434555929,Asistente Administrativo de Infraestructura,,scraped,2026-07-07T20:35:37.103082,
575b7c9ac0359136,https://ve.linkedin.com/jobs/view/analista-operativo-de-relaciones-institucionales-at-alfonzo-rivas-cia-4433714017,Analista Operativo de Relaciones Institucionales,,scraped,2026-07-07T20:35:46.949917,
f7818320ddb31e41,https://ve.linkedin.com/jobs/view/inspector-de-transporte-caracas-at-organizaci%C3%B3n-el-tunal-4432384130,Inspector de Transporte Caracas,,scraped,2026-07-07T20:35:56.455447,
1cde4da9f8ee1d32,https://ve.linkedin.com/jobs/view/analista-de-trade-marketing-at-cervecer%C3%ADa-regional-4433725224,Analista de Trade Marketing,,scraped,2026-07-07T20:36:09.123696,
75591f20f041fe35,https://ve.linkedin.com/jobs/view/facilitadores-de-espacio-amigable-para-la-infancia-caracas-at-save-the-children-venezuela-4436371755,Facilitadores de Espacio Amigable para la Infancia  (Caracas),Save the Children Venezuela,posted,2026-07-07T20:36:26.103921,220
42c60555151c1b4f,https://ve.linkedin.com/jobs/view/analista-de-atenci%C3%B3n-atc-ata-remoto-caracas-at-cashea-4435298461,Analista de Atención ATC/ATA (Remoto-Caracas),,scraped,2026-07-07T20:36:28.830929,
b48166eec45851c1,https://ve.linkedin.com/jobs/view/mobility-transport-and-urban-planning-experts-at-ntu-international-a-s-4437136808,"Mobility, Transport and Urban Planning Experts",,scraped,2026-07-07T20:36:35.720362,
9e148d1d6b9159fa,https://ve.linkedin.com/jobs/view/auxiliar-de-mantenimiento-at-alimentos-kiri-4437771777,Auxiliar de mantenimiento,Alimentos Kiri,posted,2026-07-07T20:37:01.405277,222
731e74f9d622be1c,https://ve.linkedin.com/jobs/view/especialista-de-rrhh-caracas-at-save-the-children-venezuela-4436381364,Especialista de RRHH  (Caracas),Save the Children Venezuela,posted,2026-07-07T20:37:12.751641,224
92f5f90d6f6dea2b,https://ve.linkedin.com/jobs/view/project-manager-isp-at-weatherford-4437811808,Project Manager ISP,Weatherford,posted,2026-07-07T20:37:31.775537,226
cfb66513450af6ba,https://ve.linkedin.com/jobs/view/backend-developer-node-js-at-applaudo-4436148789,Backend Developer (Node.js),,scraped,2026-07-07T20:37:36.299130,
42663f25f35d2c97,https://ve.linkedin.com/jobs/view/crm-cvm-lifecycle-retention-marketing-lead-us-b2c-subscription-only-at-jobhire-ai-4437763841,CRM/ CVM / Lifecycle/Retention Marketing Lead (US b2c subscription only),JobHire.AI,posted,2026-07-07T20:37:51.971669,228
c265845b5f658de6,https://ve.linkedin.com/jobs/view/especialista-de-reclutamiento-comercial-at-vepagos-4437494935,Especialista de Reclutamiento Comercial,VEPAGOS,posted,2026-07-07T20:38:06.626538,230
5d6bcedbd3ef3311,https://ve.linkedin.com/jobs/view/camarero-a-y-ayudante-a-de-cocina-at-cafeteria-4436912802,Camarero/a y Ayudante/a de Cocina,CAFETERIA,posted,2026-07-07T20:38:21.679603,232
ff18c53c26cc6492,https://ve.linkedin.com/jobs/view/project-manager-operaciones-at-fina-4436348813,Project manager operaciones,,scraped,2026-07-07T20:38:36.396339,
20a8ba8dbde19aee,https://ve.linkedin.com/jobs/view/almacenista-at-grupo-pole-position-4436276624,ALMACENISTA,Grupo Pole Position,posted,2026-07-07T20:38:56.768111,234
9da788a6532e531f,https://ve.linkedin.com/jobs/view/editor-de-v%C3%ADdeo-y-im%C3%A1genes-experiencia-de-community-manager-especialista-en-redes-sociales-social-media-y-ventas-at-agencia-de-onlyfans-4436942438,"Editor de vídeo y imágenes experiencia de community manager,  especialista en redes sociales, social media y ventas",,scraped,2026-07-07T20:38:59.413985,
5bd268749625d485,https://ve.linkedin.com/jobs/view/profesionales-en-agua-saneamiento-e-higiene-wash-at-international-rescue-committee-4436973706,Profesionales en Agua Saneamiento e Higiene (Wash),International Rescue Committee,posted,2026-07-07T20:39:19.702177,236
09bd00c62314da17,https://ve.linkedin.com/jobs/view/gerente-administrativo-4437805978,Gerente Administrativo,"Frontino international, c.a",posted,2026-07-07T20:39:30.382203,238
9f45972cf7c9db2b,https://ve.linkedin.com/jobs/view/well-engineer-at-slb-4429252184,Well Engineer,SLB,posted,2026-07-07T20:39:49.806660,240
1c3b27b49755b16f,https://ve.linkedin.com/jobs/view/oficial-de-datos-%E2%80%93-reach-venezuela-at-reliefweb-4436467973,OFICIAL DE DATOS – REACH VENEZUELA,ReliefWeb,posted,2026-07-07T20:39:59.208898,242
5d8aa61f27770f0e,https://ve.linkedin.com/jobs/view/young-professional-%E2%80%93-learning-development-remote-work-at-bairesdev-4436592580,Young Professional – Learning & Development - Remote Work,BairesDev,posted,2026-07-07T20:40:11.748638,244
e8fc8c4bac411149,https://ve.linkedin.com/jobs/view/customer-experience-specialist-at-alaan-%D8%A7%D9%84%D8%A2%D9%86-4437745662,Customer Experience Specialist,,scraped,2026-07-07T20:40:18.463719,
1b4c98043a9af38a,https://ve.linkedin.com/jobs/view/head-of-sales-at-the-studio-4435449668,Head of Sales,THE/STUDIO,posted,2026-07-07T20:40:36.547598,246
9bb1ac296139a783,https://ve.linkedin.com/jobs/view/electricista-at-mundial-m%C3%A1quinas-c-a-4369098778,Electricista,,scraped,2026-07-07T20:40:39.138210,
5922e8c08cb03552,https://ve.linkedin.com/jobs/view/security-manager-at-eni-4418179793,Security Manager,,scraped,2026-07-07T20:40:47.485084,
52e288c13b6f762e,https://ve.linkedin.com/jobs/view/project-manager-ven-at-siemens-energy-4436501865,Project Manager - VEN,Siemens Energy,posted,2026-07-07T20:41:06.369397,248
75bf8cc21812be26,https://ve.linkedin.com/jobs/view/asesor-junior-apure-at-grupo-parawa-4434558818,ASESOR JUNIOR - APURE,Grupo Parawa,posted,2026-07-07T20:41:28.923083,250
253696f7cfcf0850,https://ve.linkedin.com/jobs/view/soporte-t%C3%A9cnico-y-mercadeo-seo-at-roderotas-4436288162,Soporte Técnico y Mercadeo/SEO,,scraped,2026-07-07T20:41:33.665778,
622167aa41cb40e2,https://ve.linkedin.com/jobs/view/soporte-t%C3%A9cnico-y-mercadeo-seo-at-roderotas-4436272870,Soporte Técnico y Mercadeo/SEO,,scraped,2026-07-07T20:41:40.722062,
d7d16d7aedc8405e,https://ve.linkedin.com/jobs/view/english-language-and-literature-teacher-at-washington-academy-4437436312,English Language and Literature Teacher,,scraped,2026-07-07T20:41:47.766183,
f38f1ef5dcaa9d50,https://ve.linkedin.com/jobs/view/sd-ingeniero-sr-de-produccion-at-repsol-4435506014,SD-INGENIERO SR DE PRODUCCION,,scraped,2026-07-07T20:41:57.347800,
6f489fb1be88cbe8,https://ve.linkedin.com/jobs/view/mercaderista-at-grupo-parawa-4433973577,Mercaderista,Grupo Parawa,posted,2026-07-07T20:42:23.068862,252
37e26ffebb6f1680,https://ve.linkedin.com/jobs/view/agente-remoto-de-verificaci%C3%B3n-de-trayectos-at-erizonet-4437847017,Agente Remoto de Verificación de Trayectos,,scraped,2026-07-07T20:42:25.745905,
d1edeef887e182e5,https://ve.linkedin.com/jobs/view/especificador-t%C3%A9cnicos-de-ventas-at-sika-4432708520,Especificador Técnicos de Ventas,,scraped,2026-07-07T20:42:34.576876,
1a62a8e74143a061,https://ve.linkedin.com/jobs/view/wireline-maintenance-supervisor-at-slb-4425764486,Wireline Maintenance Supervisor,SLB,posted,2026-07-07T20:42:55.339806,254
99239350d54f4e1c,https://ve.linkedin.com/jobs/view/rig-manager-at-slb-4433146684,Rig Manager,SLB,posted,2026-07-07T20:43:09.651008,256
34417cc5fe2bb523,https://ve.linkedin.com/jobs/view/soporte-t%C3%A9cnico-y-mercadeo-seo-at-roderotas-4436286226,Soporte Técnico y Mercadeo/SEO,,scraped,2026-07-07T20:43:12.248633,
df59cb5f90bf8e0d,https://ve.linkedin.com/jobs/view/machine-learning-engineer-remote-work-at-bairesdev-4436844904,Machine Learning Engineer - Remote Work,BairesDev,posted,2026-07-07T20:43:37.060836,258
6be8ac85d531f1a6,https://ve.linkedin.com/jobs/view/soporte-t%C3%A9cnico-y-mercadeo-seo-at-roderotas-4436292059,Soporte Técnico y Mercadeo/SEO,,scraped,2026-07-07T20:43:41.531874,
35871c6f818160fe,https://ve.linkedin.com/jobs/view/ejecutivo-de-ventas-at-domesa-4436470054,Ejecutivo de Ventas,DOMESA,posted,2026-07-07T20:44:44.477443,260
cabfa7a51739e224,https://ve.linkedin.com/jobs/view/soporte-t%C3%A9cnico-y-mercadeo-seo-at-roderotas-4436274706,Soporte Técnico y Mercadeo/SEO,,scraped,2026-07-07T20:44:50.966298,
28935eed0979e295,https://ve.linkedin.com/jobs/view/server-beer-and-wine-at-cinemark-4435846860,Server - Beer and Wine,Cinemark,posted,2026-07-07T20:45:12.573589,262
e0e53dda9d9f75dc,https://ve.linkedin.com/jobs/view/junior-software-developer-remote-at-hire-feed-4437793026,Junior Software Developer (Remote),Hire Feed,posted,2026-07-07T20:45:29.367119,264
e7c2f08d0d1be805,https://ve.linkedin.com/jobs/view/sales-representative-ooh-valencia-at-ferrero-4437164785,Sales Representative OOH - Valencia,,scraped,2026-07-07T20:45:31.987025,
a46c56345832182f,https://ve.linkedin.com/jobs/view/junior-software-developer-remote-at-hire-feed-4437778686,Junior Software Developer (Remote),Hire Feed,scraped,2026-07-07T20:45:41.090399,
de5cd77019644766,https://ve.linkedin.com/jobs/view/keyfiyy%C9%99t-z%C9%99ngl%C9%99ri-%C3%BCzr%C9%99-m%C3%BCt%C9%99x%C9%99ssis-at-sr-group-co-4435845223,Keyfiyyət zəngləri üzrə mütəxəssis,,scraped,2026-07-07T20:45:43.517449,
fe22f95cfacf4493,https://ve.linkedin.com/jobs/view/sistem-i%CC%87nzibat%C3%A7%C4%B1s%C4%B1-at-sr-group-co-4432313796,Sistem İnzibatçısı,,scraped,2026-07-07T20:45:51.199637,
110f5e44c18596d5,https://ve.linkedin.com/jobs/view/customer-success-specialist-accounting-saas-part-time-at-scale-up-recruiting-partners-4435523826,Customer Success Specialist (Accounting SaaS) - Part Time,Scale Up Recruiting Partners,posted,2026-07-07T20:46:12.547468,266
5f52f168e0616b2a,https://ve.linkedin.com/jobs/view/entry-level-software-developer-remote-at-hire-feed-4437789254,Entry Level Software Developer (Remote),Hire Feed,posted,2026-07-07T20:46:30.814067,268
8d5b5ac0b01cf7f4,https://ve.linkedin.com/jobs/view/entry-level-software-developer-remote-at-hire-feed-4437793001,Entry Level Software Developer (Remote),Hire Feed,scraped,2026-07-07T20:46:34.902830,
822fe6392f8c34bc,https://ve.linkedin.com/jobs/view/sd-ingeniero-de-construccion-occidente-at-repsol-4435501137,SD-INGENIERO DE CONSTRUCCION OCCIDENTE,,scraped,2026-07-07T20:46:37.253435,
1d13707ba29da51b,https://ve.linkedin.com/jobs/view/financial-analyst-at-colgate-palmolive-4433983660,Financial Analyst,Colgate-Palmolive,posted,2026-07-07T20:46:54.021227,270
19ef427218916931,https://ve.linkedin.com/jobs/view/fijador-de-citas-at-rex-agency-4436336355,Fijador de citas,Rex Agency,posted,2026-07-07T20:47:10.653658,272
434da0990010c90f,https://ve.linkedin.com/jobs/view/private-sector-engagement-and-investment-promotion-experts-at-ntu-international-a-s-4436735897,Private Sector Engagement and Investment Promotion Experts,,scraped,2026-07-07T20:47:13.317646,
2ae9ed37582b1a58,https://ve.linkedin.com/jobs/view/sustainable-finance-experts-at-ntu-international-a-s-4436757306,Sustainable Finance Experts,,scraped,2026-07-07T20:47:21.084320,
6a9f054e77729642,https://ve.linkedin.com/jobs/view/android-developer-remote-at-hire-feed-4437768982,Android Developer (Remote),Hire Feed,posted,2026-07-07T20:47:47.605173,274
19fe1f950887a373,https://ve.linkedin.com/jobs/view/senior-drilling-well-engineer-at-slb-4429242958,Senior Drilling Well Engineer,SLB,posted,2026-07-07T20:48:08.651780,276
738bef8349d7ce39,https://ve.linkedin.com/jobs/view/gerente-de-divisi%C3%B3n-at-wesworth-electric-4436539475,Gerente de división,Wesworth Electric,posted,2026-07-07T20:48:27.232495,278
d54554da1f501394,https://ve.linkedin.com/jobs/view/supervisor-silos-at-empresas-polar-4433980309,Supervisor Silos,,scraped,2026-07-07T20:48:29.675679,
34fd60181d1dfe43,https://ve.linkedin.com/jobs/view/forex-sales-agent-at-falcon-funded-4437819145,Forex Sales Agent,,scraped,2026-07-07T20:48:53.079345,
0ff65b1e5362a6ff,https://ve.linkedin.com/jobs/view/crm-manager-remote-work-at-bairesdev-4436803822,CRM Manager - Remote Work,BairesDev,posted,2026-07-07T20:49:12.345445,280
bc325e04f641f375,https://ve.linkedin.com/jobs/view/pasante-de-comunicaciones-internas-at-mondel%C4%93z-international-4416950875,Pasante de Comunicaciones Internas,Mondelēz International,posted,2026-07-07T20:49:25.943296,282
098bc08cc5983228,https://ve.linkedin.com/jobs/view/sd-superintendente-de-estudios-de-yacimientos-at-repsol-4435387518,SD-SUPERINTENDENTE DE ESTUDIOS DE YACIMIENTOS,,scraped,2026-07-07T20:49:28.685557,
cd90ec287e2c200b,https://ve.linkedin.com/jobs/view/senior-grc-consultant-at-scale-up-recruiting-partners-4436514998,Senior GRC Consultant,Scale Up Recruiting Partners,posted,2026-07-07T20:49:46.514084,284
ac654649cca4f3c6,https://ve.linkedin.com/jobs/view/trainee-en-calidad-at-e-kabel-4436852316,Trainee en Calidad,E'kabel,posted,2026-07-07T20:50:07.365000,286
bdd4f4c3cf4bc370,https://ve.linkedin.com/jobs/view/pasante-de-comunicaciones-internas-at-mondel%C4%93z-international-4416963802,Pasante de Comunicaciones Internas,Mondelēz International,posted,2026-07-07T20:50:13.818323,282
fe700771b9f62ddc,https://ve.linkedin.com/jobs/view/onboarding-specialist-latin-america-at-bell-empire-media-events-4436832345,Onboarding Specialist (Latin America),Bell Empire Media & Events,posted,2026-07-07T20:50:28.480940,288
94888035f1d01a81,https://ve.linkedin.com/jobs/view/agent-agente-polyvalent-e-60-dieudonn%C3%A9-at-l%C3%A9o-lagrange-sud-ouest-4436272527,Agent/Agente Polyvalent.e (60) Dieudonné,Léo Lagrange Sud-Ouest,posted,2026-07-07T20:50:43.091007,290
bf49cdfe7ec231db,https://ve.linkedin.com/jobs/view/agent-de-service-h-f-at-r%C3%A9so-r%C3%A9silience-occitanie-4433794824,AGENT DE SERVICE (H/F),,scraped,2026-07-07T20:50:45.687490,
ef84c5f2f07a0663,https://ve.linkedin.com/jobs/view/senior-full-stack-java-engineer-java-%2B-angular-temporary-contract-at-applaudo-4436769439,Senior Full Stack Java Engineer (Java + Angular ) - temporary contract,,scraped,2026-07-07T20:50:53.206119,
3f3f25705afa755b,https://ve.linkedin.com/jobs/view/profesor-de-ingl%C3%A9s-at-aiesec-en-venezuela-4435882254,Profesor de inglés,AIESEC en Venezuela,posted,2026-07-07T20:51:11.746502,292
7060d7d1ed0bafc4,https://ve.linkedin.com/jobs/view/convenio-pr%C3%A1cticas-remuneradas-data-analyst-at-sdg-group-espa%C3%B1a-4395634949,Convenio Prácticas (remuneradas) - Data Analyst,,scraped,2026-07-07T20:51:14.526352,
192d3914012b61ac,https://ve.linkedin.com/jobs/view/node-js-developer-remote-at-hire-feed-4437784339,Node.js Developer (Remote),Hire Feed,posted,2026-07-07T20:51:34.258726,294
c5368f671a393c31,https://ve.linkedin.com/jobs/view/node-js-developer-remote-at-hire-feed-4437782358,Node.js Developer (Remote),Hire Feed,scraped,2026-07-07T20:51:38.391403,
70e0b28580ce9106,https://ve.linkedin.com/jobs/view/qa-engineer-remote-at-hire-feed-4437772817,QA Engineer (Remote),Hire Feed,posted,2026-07-07T20:51:52.669350,296
25812b9197e65def,https://ve.linkedin.com/jobs/view/junior-software-engineer-remote-at-hire-feed-4437781411,Junior Software Engineer (Remote),Hire Feed,posted,2026-07-07T20:51:58.134039,182
105dd07c21f7e3b0,https://ve.linkedin.com/jobs/view/staffing-solution-architect-remote-work-at-bairesdev-4436825890,Staffing Solution Architect - Remote Work,BairesDev,posted,2026-07-07T20:52:13.690946,298
a7c0b7008580756b,https://ve.linkedin.com/jobs/view/consultor-funcional-at-sinapsys-global-s-a-4433968115,Consultor funcional,,scraped,2026-07-07T20:52:18.369964,
16b1415a07a52ccb,https://ve.linkedin.com/jobs/view/application-security-engineer-checkmarx-sast-remote-work-at-bairesdev-4436821346,Application Security Engineer (Checkmarx / SAST) - Remote Work,BairesDev,posted,2026-07-07T20:52:43.170274,300
5ec3498e8f447e42,https://ve.linkedin.com/jobs/view/ingeniero-de-seguridad-de-aplicaciones-checkmarx-sast-trabajo-remoto-at-bairesdev-4436831820,Ingeniero de Seguridad de Aplicaciones (Checkmarx / SAST) - Trabajo Remoto,BairesDev,posted,2026-07-07T20:52:54.526533,302
fdb9f6aa339b613f,https://ve.linkedin.com/jobs/view/application-security-engineer-checkmarx-sast-remote-work-at-bairesdev-4436815585,Application Security Engineer (Checkmarx / SAST) - Remote Work,BairesDev,posted,2026-07-07T20:52:59.680959,300
0fdbd3f47a6fb540,https://ve.linkedin.com/jobs/view/asistente-de-archivo-at-grupo-fastmed-4438125482,ASISTENTE DE ARCHIVO,Grupo Fastmed,posted,2026-07-08T07:20:56.498128,314
a7733bf4d4a81dbb,https://ve.linkedin.com/jobs/view/pasante-universitario-de-soporte-it-at-alfonzo-rivas-cia-4434570453,Pasante Universitario de Soporte IT,,scraped,2026-07-08T07:21:03.194697,
b0f3b32f0c56ba15,https://ve.linkedin.com/jobs/view/comprador-at-grupo-maso-4438135195,Comprador,Grupo Maso,posted,2026-07-08T07:21:59.289354,316
7166d33fb81e5857,https://ve.linkedin.com/jobs/view/auxiliar-de-mantenimiento-at-alimentos-kiri-4438117011,Auxiliar de mantenimiento,Alimentos Kiri,posted,2026-07-08T07:22:16.634060,222
a2534abcad908d2b,https://ve.linkedin.com/jobs/view/analista-de-captacion-at-alimentos-kiri-4438112282,Analista de Captacion,Alimentos Kiri,posted,2026-07-08T07:22:54.746310,318
d6ca1c3d8bb8c604,https://ve.linkedin.com/jobs/view/promotoras-catalogo-publicitario-fin-de-semana-at-procisa-do-brasil-4437124732,Promotoras Catalogo Publicitario. Fin de Semana,Procisa do Brasil,posted,2026-07-08T07:24:11.957061,320
fbf2f5efb5f63e6f,https://ve.linkedin.com/jobs/view/analista-contable-at-tramas-4436445293,Analista contable,,scraped,2026-07-08T07:24:14.588017,
86f10a1e12e0002d,https://ve.linkedin.com/jobs/view/especialista-contable-de-tesoreria-at-cashea-4437717467,Especialista Contable de Tesoreria,,scraped,2026-07-08T07:24:25.507479,
6576a9beda00e114,https://ve.linkedin.com/jobs/view/coordinador-a-de-tienda-at-casa-italia-4436953547,Coordinador(a) de tienda,,scraped,2026-07-08T07:24:34.019543,
c882c0dcd5d00466,https://ve.linkedin.com/jobs/view/coordinador-de-mercadeo-at-tigo-venezuela-4436714659,Coordinador de Mercadeo,,scraped,2026-07-08T07:24:41.605911,
16b883bdacce0056,https://ve.linkedin.com/jobs/view/business-development-sales-rep-full-time-at-josh-no-code-4436906212,Business Development & Sales Rep (Full-Time),Josh No Code,posted,2026-07-08T07:25:07.332008,322
11fdae619b9c963d,https://ve.linkedin.com/jobs/view/coordinador-de-relaciones-laborales-at-farmatodo-4435886975,Coordinador de Relaciones Laborales,,scraped,2026-07-08T07:25:09.908576,
530acb9a0e4efc56,https://ve.linkedin.com/jobs/view/operador-de-m%C3%A1quina-bordadora-at-organizaci%C3%B3n-pit%C3%A1goras-4436880678,OPERADOR DE MÁQUINA BORDADORA,,scraped,2026-07-08T07:25:28.093430,
6388f125c2ee2707,https://ve.linkedin.com/jobs/view/operations-manager-red-level-emergency-venezuela-at-international-federation-of-red-cross-and-red-crescent-societies-ifrc-4436953878,Operations Manager (Red Level Emergency) - Venezuela,,scraped,2026-07-08T07:25:38.900648,
9faa4d0a134be083,https://ve.linkedin.com/jobs/view/recepcionista-at-tropical-multiloja-4436467161,Recepcionista,,scraped,2026-07-08T07:25:46.070974,
4cccaf4a192da88c,https://ve.linkedin.com/jobs/view/encuestadora-at-econometrica-4438124577,Encuestadora,,scraped,2026-07-08T07:25:55.920935,
b9b14435115b40bb,https://ve.linkedin.com/jobs/view/business-development-executive-at-softnetcorp-4436934876,Business Development Executive,SoftnetCorp,posted,2026-07-08T07:26:15.513334,324
26ac13bcf9698352,https://ve.linkedin.com/jobs/view/applied-ai-engineer-at-ultima-milla-4433936734,Applied AI Engineer,,scraped,2026-07-08T07:26:18.097765,
fcb9ce6a12a14503,https://ve.linkedin.com/jobs/view/representante-integral-banco-mercantil-gu%C3%A1rico-at-conectados-ai-4437401799,Representante integral Banco Mercantil - Guárico,Conectados.ai,posted,2026-07-08T07:26:42.367141,326
29b5a5b3c4737e93,https://ve.linkedin.com/jobs/view/talent-network-marketing-specialist-at-toptal-4427635153,Talent Network: Marketing Specialist,Toptal,posted,2026-07-08T07:26:55.340773,328
d91f3a0ddb88f579,https://ve.linkedin.com/jobs/view/sales-agent-%E2%80%93-client-management-at-besa-group-4436704543,Sales Agent – Client Management,Besa Group,posted,2026-07-08T07:27:19.084426,330
1e98213316eb0af8,https://ve.linkedin.com/jobs/view/chief-engineer-trainer-at-svitzer-4286540838,Chief Engineer (Trainer),,scraped,2026-07-08T07:27:21.685786,
0835d24432c95007,https://ve.linkedin.com/jobs/view/maatschappelijk-werker-triage-lelystad-at-veilig-thuis-flevoland-4436068754,Maatschappelijk Werker Triage Lelystad,,scraped,2026-07-08T07:27:28.919594,
271367fc2c7476a2,https://ve.linkedin.com/jobs/view/promotor-en-proyectos-tecnol%C3%B3gicos-vp-at-gsb-solutions-4438100538,Promotor en Proyectos Tecnológicos - VP,,scraped,2026-07-08T07:27:38.719103,
ee686ab48622390f,https://ve.linkedin.com/jobs/view/analista-de-aseguramiento-de-ingresos-at-farmatodo-4437809156,Analista de aseguramiento de ingresos,,scraped,2026-07-08T07:27:51.778772,
609ea95a1246a246,https://ve.linkedin.com/jobs/view/operador-de-montacarga-at-grupo-maso-4438140050,Operador de Montacarga,Grupo Maso,posted,2026-07-08T07:28:13.063889,332
f275a4522648f413,https://ve.linkedin.com/jobs/view/l%C3%ADder-real-estate-at-grupo-empresarial-berlin-baqueira-4437430495,Líder Real Estate,,scraped,2026-07-08T07:28:16.020718,
926f69e040a48be2,https://ve.linkedin.com/jobs/view/international-talent-acquisition-freelancer-at-savior-artigos-texteis-lda-4436888475,International Talent Acquisition Freelancer,,scraped,2026-07-08T07:28:22.378800,
a3524702bda3a7c3,https://ve.linkedin.com/jobs/view/soporte-t%C3%A9cnico-y-mercadeo-seo-at-roderotas-4436287185,Soporte Técnico y Mercadeo/SEO,,scraped,2026-07-08T07:28:39.809520,
5869a0081ae973fd,https://ve.linkedin.com/jobs/view/t%C3%A9cnico-elect%C3%B3nico-at-arcelormittal-industrias-unicon-c-a-4438127449,Técnico Electónico,ArcelorMittal - Industrias Unicon C.A.,posted,2026-07-08T07:29:09.985907,334
4f0325209ece2518,https://ve.linkedin.com/jobs/view/project-manager-salesforce-field-service-implementation-at-neowork-4435812365,Project Manager - Salesforce Field Service Implementation,NeoWork,posted,2026-07-08T07:29:21.704525,336
457f3f8ce8db5e59,https://ve.linkedin.com/jobs/view/representante-ventas-puerto-cabello-moron-at-canacintra-le%C3%B3n-4438129437,REPRESENTANTE  VENTAS - Puerto Cabello - Moron,CANACINTRA León,posted,2026-07-08T07:29:47.889241,338
57f83f7cc4b87e57,https://ve.linkedin.com/jobs/view/nadeja-adams-at-womentech-network-pakistan-4432361880,Nadeja  Adams,WomenTech Network Pakistan,posted,2026-07-08T07:30:15.520096,340
e6db582b28a3a1a2,https://ve.linkedin.com/jobs/view/mec%C3%A1nico-industrial-at-gilda-alimentos-c-a-4437849014,Mecánico industrial,"Gilda Alimentos, C.A.",posted,2026-07-08T07:30:34.490247,342
9b74fe8a7998bfd1,https://ve.linkedin.com/jobs/view/part-time-technical-content-editor-b2b-remote-work-at-bairesdev-4436853757,Part-time Technical Content Editor (B2B) - Remote Work,BairesDev,posted,2026-07-08T07:30:44.522961,344
8a20da889969a97a,https://ve.linkedin.com/jobs/view/entrenador-de-padel-at-ucab-universidad-cat%C3%B3lica-andr%C3%A9s-bello-4437818235,Entrenador de Padel,,scraped,2026-07-08T07:30:49.027140,
aad284d0acf5247e,https://ve.linkedin.com/jobs/view/store-manager-at-hola-moda-4437827231,Store Manager,Hola Moda,posted,2026-07-08T07:31:09.270370,346
8a64af1e64084c22,https://ve.linkedin.com/jobs/view/representante-integral-banco-mercantil-maracay-aragua-at-conectados-ai-4437812433,"Representante integral Banco Mercantil - Maracay, Aragua",Conectados.ai,posted,2026-07-08T07:31:33.046009,348
2d4fbb43e70c51c8,https://ve.linkedin.com/jobs/view/representante-integral-banco-mercantil-guanare-portuguesa-at-conectados-ai-4437196909,"Representante integral Banco Mercantil - Guanare, Portuguesa",Conectados.ai,posted,2026-07-08T07:31:46.610329,350
efd916b0580ccb68,https://ve.linkedin.com/jobs/view/ejecutivo-ventas-4436981234,EJECUTIVO VENTAS,OCEAN LOGISTICS CORP,posted,2026-07-08T07:32:13.193679,352
52e3cac53ed99e79,https://ve.linkedin.com/jobs/view/representante-integral-banco-mercantil-barinas-at-conectados-ai-4437408318,Representante integral Banco Mercantil - Barinas,Conectados.ai,posted,2026-07-08T07:32:43.950538,354
5ab7be3223451f28,https://ve.linkedin.com/jobs/view/representante-integral-banco-mercantil-san-carlos-cojedes-at-conectados-ai-4437813436,"Representante integral Banco Mercantil - San Carlos, Cojedes",Conectados.ai,posted,2026-07-08T07:33:02.705567,356
10de9a5e82668c7f,https://ve.linkedin.com/jobs/view/representante-de-ventas-automotriz-ferretero-at-reclutador-psico-4437848991,Representante de ventas- Automotriz/ Ferretero,Reclutador Psico,posted,2026-07-08T07:33:14.302008,358
b1c717819f73e4d2,https://ve.linkedin.com/jobs/view/dise%C3%B1ador-civil-at-wood-4399459145,Diseñador civil,Wood,posted,2026-07-08T07:33:32.264566,360
af64c3fcf88dba00,https://ve.linkedin.com/jobs/view/career-framework-specialist-remote-work-at-bairesdev-4436833847,Career Framework Specialist - Remote Work,BairesDev,posted,2026-07-08T07:33:42.741369,362
73ad785cfd1f193e,https://ve.linkedin.com/jobs/view/onsite-services-engineer-at-flowserve-corporation-4436293804,OnSite Services Engineer,Flowserve Corporation,posted,2026-07-08T07:33:56.883962,364
ef85507533822046,https://ve.linkedin.com/jobs/view/ux-ui-developer-remote-at-indi-staffing-services-4435835249,UX/UI Developer - Remote,INDI Staffing Services,posted,2026-07-08T07:34:08.334976,366
7f56f84009976096,https://ve.linkedin.com/jobs/view/electrical-layout-designer-at-volkswagen-group-services-gmbh-4436117418,Electrical Layout Designer,,scraped,2026-07-08T07:34:16.203332,
82ecacf6125a6f36,https://ve.linkedin.com/jobs/view/corporate-travel-and-mobility-agent-remote-work-at-bairesdev-4436851200,Corporate Travel and Mobility Agent - Remote Work,BairesDev,posted,2026-07-08T07:34:32.375431,368
3e11a46d84b3e8a6,https://ve.linkedin.com/jobs/view/editor-de-videos-dise%C3%B1ador-gr%C3%A1fico-at-cardano-analytics-ca-4422603731,Editor de Videos & Diseñador gráfico,,scraped,2026-07-08T07:34:36.963711,
8742b4dd7837891f,https://ve.linkedin.com/jobs/view/ingeniero-de-dise%C3%B1o-y-detallado-estructural-senior-at-hidden-force-4437834900,Ingeniero de Diseño y Detallado Estructural (Senior),Hidden Force,posted,2026-07-08T07:34:50.847923,370
c47dc9d3d797daf2,https://ve.linkedin.com/jobs/view/gerente-de-producci%C3%B3n-at-soloson-import-c-a-4437846463,Gerente de Producción,,scraped,2026-07-08T07:34:53.507572,
82c78bf263341115,https://ve.linkedin.com/jobs/view/tech-lead-ruby-on-rails-node-js-at-ultima-milla-4433947442,Tech Lead (Ruby on Rails & Node.JS),,scraped,2026-07-08T07:35:05.110065,
2284402d3882dfe5,https://ve.linkedin.com/jobs/view/assistant-well-site-leader-drilling-at-slb-4433160275,Assistant Well Site Leader Drilling,SLB,posted,2026-07-08T07:35:26.032072,372
232b802e229c163c,https://ve.linkedin.com/jobs/view/representante-de-ventas-al-mayor-4436408641,Representante de ventas al mayor,Autoformula,posted,2026-07-08T07:35:36.495969,374
341ce5fd2477da2f,https://ve.linkedin.com/jobs/view/mobile-ai-engineer-remote-work-at-bairesdev-4436863202,Mobile AI Engineer - Remote Work,BairesDev,posted,2026-07-08T07:35:45.482157,376
